,Hotel name,Marks,Region City,Performances,Reviews,Price,Distances,Discriptions,Stars,Breakfast,Guests reviews:
0,Oporto Street Fonte Taurina - Riverfront Suites - Adults Only,8.6,"União de Freguesias do Centro, Porto",Excellent ,501 reviews,Original price 615 zł. Current price 433 zł.,1 km from center,Superior Suite with Street View,4,,Location 9.6
1,Residencia LIS B&B,7.6,"União de Freguesias do Centro, Porto",Good ,485 reviews,Price 174 zł,1.6 km from center,Single Room,3,,
2,Rosalma Hostel,8.8,"União de Freguesias do Centro, Porto",Excellent ,"1,087 reviews",Price 84 zł,450 m from center,Single Bed in Mixed Dormitory Room,0,,Location 9.6
3,Ndussole Guest House,8.1,"Campanhã, Porto",Very Good ,120 reviews,Price 113 zł,1.9 km from center,Single Bed in 4-Bed Dormitory Room,0,,
4,Pao de Acucar Hotel,8.1,"União de Freguesias do Centro, Porto",Very Good ,"6,271 reviews",Price 267 zł,150 m from center,Single Room,3,,Location 9.4
5,Hotel ibis Porto Sao Joao,7.8,"Paranhos, Porto",Good ,"1,869 reviews",Price 221 zł,3.4 km from center,Standard Double Room - Non-Smoking,2,,
6,Urban Garden Porto Central Hostel,8.8,"Porto City Centre , Porto",Excellent ,990 reviews,Price 122 zł,0.5 km from center,Capsule in 12-Bed Mixed Dormitory Room with Private Bathroom,0,,
7,YOTEL Porto,8.6,"União de Freguesias do Centro, Porto",Excellent ,"2,819 reviews",Original price 544 zł. Current price 357 zł.,500 m from center,Premium Queen View,4,,
8,One Shot Aliados Goldsmith 12,8.7,"União de Freguesias do Centro, Porto",Excellent ,"1,054 reviews",Price 332 zł,400 m from center,Standard Single Room,4,,Location 9.3
9,Hotel Peninsular- Porto,7.3,"União de Freguesias do Centro, Porto",Good ,"2,174 reviews",Price 244 zł,350 m from center,Deluxe Double Room,2,Breakfast included,Location 9.5
10,TURIM Oporto Hotel,8.7,"União de Freguesias do Centro, Porto",Excellent ,18 reviews,Original price 723 zł. Current price 544 zł.,150 m from center,Standard Twin Room,4,,Location 9.7
11,Pur Oporto Boutique Hotel by actahotels,8.8,"União de Freguesias do Centro, Porto",Excellent ,"1,328 reviews",Original price 548 zł. Current price 359 zł.,0.7 km from center,Double Room Club,4,,
12,The Passenger Hostel,9.1,"União de Freguesias do Centro, Porto",Wonderful ,"2,176 reviews",Price 123 zł,450 m from center,Bed in 10-Bed Mixed Dormitory Room,0,Breakfast included,Location 9.8
13,Porto Spot Hostel,8.9,"União de Freguesias do Centro, Porto",Excellent ,"3,254 reviews",Price 116 zł,0.6 km from center,Bed in 8-Bed Dormitory Room,0,Breakfast included,
14,Boavista Guest House,8.8,"União de Freguesias do Centro, Porto",Excellent ,"1,190 reviews",Price 253 zł,1.2 km from center,Single Room,3,,
15,Seculo Hotel,8.5,"Bonfim, Porto",Very Good ,"1,052 reviews",Price 267 zł,1 km from center,Double or Twin Room,2,,
16,Being Porto Hostel,8.9,"União de Freguesias do Centro, Porto",Excellent ,"2,434 reviews",Price 113 zł,0.9 km from center,Bed in 6-Bed Mixed Dormitory Room,0,,Location 9.7
17,Vera Cruz Porto Downtown Hotel,8.1,"União de Freguesias do Centro, Porto",Very Good ,"4,025 reviews",Price 286 zł,100 m from center,Budget Single Room,2,,Location 9.5
18,Residencial Porto Novo - Alojamento Local,6.5,"União de Freguesias do Centro, Porto",Review score ,"1,018 reviews",Price 127 zł,0.8 km from center,Double Room,0,,
19,Selina Porto,8.3,"União de Freguesias do Centro, Porto",Very Good ,"1,528 reviews",Original price 109 zł. Current price 89 zł.,350 m from center,Bed in Large Dorm,0,,Location 9.4
20,Hotel Douro,7.3,"Lordelo do Ouro e Massarelos, Porto",Good ,625 reviews,Price 291 zł,1.9 km from center,Single Room,3,,
21,Seculo Soft,8.3,"Bonfim, Porto",Very Good ,648 reviews,Price 221 zł,1 km from center,Double or Twin Room,3,,
22,Porto Wine Hostel,9.0,"União de Freguesias do Centro, Porto",Wonderful ,947 reviews,Original price 127 zł. Current price 109 zł.,0.6 km from center,Bed in 8-Bed Mixed Dormitory Room,0,,Location 9.6
23,ABC Hotel Porto - Boavista,8.1,"União de Freguesias do Centro, Porto",Very Good ,"1,561 reviews",Price 285 zł,1.9 km from center,Partner offer option,4,,
24,Hotel Grande Rio,7.6,"União de Freguesias do Centro, Porto",Good ,"1,429 reviews",Price 221 zł,1 km from center,Double Room,2,,
25,Hotel Boa - Vista,8.1,"Aldoar - Foz do Douro - Nevogilde, Porto",Very Good ,"2,580 reviews",Price 408 zł,5.3 km from center,Standard Room,3,Breakfast included,
26,Porto Domus Hotel,8.4,"Bonfim, Porto",Very Good ,"1,374 reviews",Price 258 zł,0.8 km from center,Double Room,3,,
27,Residencial Porto Novo - Alojamento Local,6.5,"União de Freguesias do Centro, Porto",Review score ,"1,018 reviews",Price 127 zł,0.8 km from center,Double Room,0,,
28,Exe Almada Porto,8.7,"União de Freguesias do Centro, Porto",Excellent ,"1,534 reviews",Original price 674 zł. Current price 408 zł.,150 m from center, Double Room,4,,Location 9.4
29,Catalonia Porto,9.1,"União de Freguesias do Centro, Porto",Wonderful ,"2,863 reviews",Price 408 zł,0.6 km from center,Double or Twin Room,4,,Location 9.3
30,Hotel Douro,7.3,"Lordelo do Ouro e Massarelos, Porto",Good ,625 reviews,Price 291 zł,1.9 km from center,Single Room,3,,
31,Porto Charming Hotel,8.9,"União de Freguesias do Centro, Porto",Excellent ,"1,022 reviews",Price 272 zł,0.7 km from center,Double Room,3,,
32,Oca Oriental Porto Hotel,9.1,"Bonfim, Porto",Wonderful ,"2,011 reviews",Price 333 zł,1.8 km from center,Double or Twin Room,4,,
33,Down2Town B&B,8.2,"União de Freguesias do Centro, Porto",Very Good ,"1,367 reviews",Original price 452 zł. Current price 364 zł.,1 km from center,Double Room with Garden View,3,Breakfast included,
34,Hotel Dom Henrique - Downtown,8.4,"União de Freguesias do Centro, Porto",Very Good ,"2,724 reviews",Price 389 zł,400 m from center,Comfort Single Room,4,,
35,Seculo Soft,8.3,"Bonfim, Porto",Very Good ,648 reviews,Price 221 zł,1 km from center,Double or Twin Room,3,,
36,Eurostars das Artes,8.2,"União de Freguesias do Centro, Porto",Very Good ,"1,040 reviews",Price 314 zł,0.9 km from center,Standard Double Room,4,,
37,The Poets Inn,8.3,"União de Freguesias do Centro, Porto",Very Good ,847 reviews,Price 291 zł,0.6 km from center,Classic Twin Room,0,Breakfast included,Location 9.5
38,Being Porto Hostel,8.9,"União de Freguesias do Centro, Porto",Excellent ,"2,434 reviews",Price 113 zł,0.9 km from center,Bed in 6-Bed Mixed Dormitory Room,0,,Location 9.7
39,Porto Royal Bridges Hotel,8.4,"União de Freguesias do Centro, Porto",Very Good ,945 reviews,Price 493 zł,350 m from center,Twin Room with City View,4,,Location 9.6
40,OportoHouse,7.6,"União de Freguesias do Centro, Porto",Good ,"1,856 reviews",Price 308 zł,400 m from center,Superior Double or Twin Room,3,,
41,Eurostars Heroismo,8.7,"Bonfim, Porto",Excellent ,"3,088 reviews",Price 333 zł,1.5 km from center,Double or Twin Room,4,,
42,Vila Gale Porto Ribeira,8.5,"Lordelo do Ouro e Massarelos, Porto",Very Good ,936 reviews,Price 469 zł,1.7 km from center,Standard Twin Room,4,Breakfast included,
43,The Passenger Hostel,9.1,"União de Freguesias do Centro, Porto",Wonderful ,"2,176 reviews",Price 123 zł,450 m from center,Bed in 10-Bed Mixed Dormitory Room,0,Breakfast included,Location 9.8
44,MyStay Porto São Bento,8.4,"União de Freguesias do Centro, Porto",Very Good ,794 reviews,Price 310 zł,0.5 km from center,Single Room with Balcony,3,,
45,Lusitana Hotel,8.7,"União de Freguesias do Centro, Porto",Excellent ,463 reviews,Price 244 zł,0.9 km from center,Single Room,1,,
46,Mystay Porto Batalha,8.4,"União de Freguesias do Centro, Porto",Very Good ,"2,312 reviews",Price 314 zł,500 m from center,Single Room with Balcony,3,,
47,MyStay Porto Bolhão,8.0,"União de Freguesias do Centro, Porto",Very Good ,"1,510 reviews",Price 305 zł,0.6 km from center,Interior twin room,4,,
48,Moov Hotel Porto Norte,8.5,Porto,Very Good ,"2,745 reviews",Price 305 zł,4.9 km from center,Standard Double Room,2,,
49,The Brewmaster’s House - Casa da Picaria,8.9,"União de Freguesias do Centro, Porto",Excellent ,232 reviews,Price 389 zł,200 m from center,Double Room,3,,Location 9.5
50,Invictus Hostel,8.1,"União de Freguesias do Centro, Porto",Very Good ,777 reviews,Price 99 zł,350 m from center,Bed in 8-Bed Mixed Dormitory Room,0,,Location 9.3
51,Na Travessa Suítes,9.6,"União de Freguesias do Centro, Porto",Exceptional ,356 reviews,Price 469 zł,0.6 km from center,Standard Double Room,4,Breakfast included,Location 9.3
52,O'Porto Seven - Guest House,8.7,"União de Freguesias do Centro, Porto",Excellent ,406 reviews,Price 282 zł,1.7 km from center,Single Room,3,,
53,Hotel S. Marino,7.7,"União de Freguesias do Centro, Porto",Good ,596 reviews,Price 260 zł,450 m from center,Double Room with City View,2,,Location 9.4
54,Hotel Grande Rio,7.6,"União de Freguesias do Centro, Porto",Good ,"1,429 reviews",Price 221 zł,1 km from center,Double Room,2,,
55,Casual Raízes Porto,8.9,"União de Freguesias do Centro, Porto",Excellent ,404 reviews,Price 377 zł,0.5 km from center,Single Room with Garden View,3,,Location 9.5
56,Ribeira do Porto Hotel,8.8,"União de Freguesias do Centro, Porto",Excellent ,"1,462 reviews",Price 427 zł,1 km from center,Twin Room,3,,Location 9.7
57,Porto Republica Hostel & Suites,8.3,"União de Freguesias do Centro, Porto",Very Good ,"1,108 reviews",Price 192 zł,500 m from center,Mixed Dormitory Room,0,,
58,Hotel Internacional Porto,8.4,"União de Freguesias do Centro, Porto",Very Good ,"3,610 reviews",Price 361 zł,300 m from center,Budget Double Room,3,,Location 9.6
59,Made in You - Oporto Rooms,7.7,"Paranhos, Porto",Good ,56 reviews,Price 127 zł,2 km from center,Single Room,0,,
60,Grande Hotel do Porto,8.9,"União de Freguesias do Centro, Porto",Excellent ,"1,173 reviews",Price 488 zł,400 m from center,Mini Double Room,3,Breakfast included,Location 9.7
61,Oca Republik Hotel,8.4,"União de Freguesias do Centro, Porto",Very Good ,255 reviews,Price 427 zł,500 m from center,Double or Twin Room,4,,
62,Moreira Terrace,7.6,"Bonfim, Porto",Good ,701 reviews,Price 183 zł,1 km from center,Single Room,0,,
63,Hotel Boa - Vista,8.1,"Aldoar - Foz do Douro - Nevogilde, Porto",Very Good ,"2,580 reviews",Price 408 zł,5.3 km from center,Standard Room,3,Breakfast included,
64,AL- Almada 4,6.8,"União de Freguesias do Centro, Porto",Review score ,250 reviews,Price 122 zł,150 m from center,Triple Room with Shared Bathroom,0,,
65,Exe Almada Porto,8.7,"União de Freguesias do Centro, Porto",Excellent ,"1,534 reviews",Original price 674 zł. Current price 408 zł.,150 m from center, Double Room,4,,Location 9.4
66,Lolla's City House,8.7,"Lordelo do Ouro e Massarelos, Porto",Excellent ,207 reviews,Price 221 zł,1.7 km from center,Superior Double Room,0,,
67,Catalonia Porto,9.1,"União de Freguesias do Centro, Porto",Wonderful ,"2,863 reviews",Price 408 zł,0.6 km from center,Double or Twin Room,4,,Location 9.3
68,Hotel Douro,7.3,"Lordelo do Ouro e Massarelos, Porto",Good ,625 reviews,Price 291 zł,1.9 km from center,Single Room,3,,
69,Oca Oriental Porto Hotel,9.1,"Bonfim, Porto",Wonderful ,"2,011 reviews",Price 333 zł,1.8 km from center,Double or Twin Room,4,,
70,Down2Town B&B,8.2,"União de Freguesias do Centro, Porto",Very Good ,"1,367 reviews",Original price 452 zł. Current price 364 zł.,1 km from center,Double Room with Garden View,3,Breakfast included,
71,Hotel Dom Henrique - Downtown,8.4,"União de Freguesias do Centro, Porto",Very Good ,"2,724 reviews",Price 389 zł,400 m from center,Comfort Single Room,4,,
72,TRYP by Wyndham Porto Centro Hotel,8.1,"Bonfim, Porto",Very Good ,494 reviews,Price 284 zł,1.1 km from center,Deluxe Twin Room - Non-Smoking,3,,
73,Seculo Soft,8.3,"Bonfim, Porto",Very Good ,648 reviews,Price 221 zł,1 km from center,Double or Twin Room,3,,
74,Eurostars das Artes,8.2,"União de Freguesias do Centro, Porto",Very Good ,"1,040 reviews",Price 314 zł,0.9 km from center,Standard Double Room,4,,
75,Garden in Town Hostel,8.2,"Bonfim, Porto",Very Good ,"1,237 reviews",Price 103 zł,1.5 km from center,Bed in 4-Bed Dormitory Room,0,,
76,Hotel Cristal Porto,8.7,"União de Freguesias do Centro, Porto",Excellent ,"2,279 reviews",Price 308 zł,1.2 km from center,Single Room,4,,
77,Mercure Porto Centro Santa Catarina,8.5,"União de Freguesias do Centro, Porto",Very Good ,"1,627 reviews",Price 404 zł,0.5 km from center,Standard Room with 1 Double Bed,4,,Location 9.3
78,Lusitana Hotel,8.7,"União de Freguesias do Centro, Porto",Excellent ,463 reviews,Price 244 zł,0.9 km from center,Single Room,1,,
79,Mystay Porto Batalha,8.4,"União de Freguesias do Centro, Porto",Very Good ,"2,312 reviews",Price 314 zł,500 m from center,Single Room with Balcony,3,,
80,Faria Guimares Porto Centro - Rooms & Cosy Apartments,7.3,"União de Freguesias do Centro, Porto",Good ,560 reviews,Price 169 zł,1.1 km from center,Mini Double room,3,,
81,HF Fenix Porto,8.6,"Lordelo do Ouro e Massarelos, Porto",Excellent ,"1,168 reviews",Price 408 zł,1.8 km from center,Double or Twin Room,4,,
82,Hotel Porto Interface Trindade By Kavia,8.2,"União de Freguesias do Centro, Porto",Very Good ,"1,493 reviews",Original price 347 zł. Current price 313 zł.,300 m from center,Double Room,2,,Location 9.3
83,Hotel Miradouro,7.2,"Bonfim, Porto",Good ,"4,202 reviews",Price 385 zł,1 km from center,Triple Room,2,Breakfast included,
84,Hotel Borsalino,7.2,"Bonfim, Porto",Good ,871 reviews,Price 188 zł,1.7 km from center,Single Room,0,Breakfast included,
85,Grande Hotel do Porto,8.9,"União de Freguesias do Centro, Porto",Excellent ,"1,173 reviews",Price 488 zł,400 m from center,Mini Double Room,3,Breakfast included,Location 9.7
86,Eurostars Porto Centro,8.8,"União de Freguesias do Centro, Porto",Excellent ,"1,770 reviews",Original price 862 zł. Current price 521 zł.,300 m from center,Double or Twin Room,4,,Location 9.7
87,The Editory House Ribeira Porto Hotel,8.8,"União de Freguesias do Centro, Porto",Excellent ,779 reviews,Price 455 zł,1 km from center,Standard Double Room,4,,Location 9.7
88,"Fontinha Porto, Trademark Collection by Wyndham",9.3,"União de Freguesias do Centro, Porto",Wonderful ,"1,377 reviews",Price 432 zł,0.9 km from center,"1 King Bed, Standard, Non-Smoking",4,,
89,"Pestana Porto - A Brasileira, City Center & Heritage Building",8.8,"União de Freguesias do Centro, Porto",Excellent ,"1,302 reviews",Price 713 zł,300 m from center,Deluxe Double or Twin Room,5,,Location 9.6
90,Guest House Porto Clerigus,6.9,"União de Freguesias do Centro, Porto",Review score ,"1,160 reviews",Price 267 zł,400 m from center,Single Room with Shared Bathroom,0,Breakfast included,
91,Ribeira do Porto Hotel,8.8,"União de Freguesias do Centro, Porto",Excellent ,"1,462 reviews",Price 427 zł,1 km from center,Twin Room,3,,Location 9.7
92,Exmo Hotel by Olivia,9.4,"União de Freguesias do Centro, Porto",Wonderful ,583 reviews,Price 619 zł,1 km from center,Cozy City View,4,Breakfast included,Location 9.8
93,Eurostars Oporto,8.8,"Paranhos, Porto",Excellent ,"1,223 reviews",Price 333 zł,4 km from center,Double or Twin Room with Balcony + Parking,4,,
94,Porto A.S. 1829 Hotel,8.8,"União de Freguesias do Centro, Porto",Excellent ,"2,071 reviews",Original price 669 zł. Current price 537 zł.,0.8 km from center,Small Double or Twin Room,4,,Location 9.7
95,MyStay Porto Bolhão,8.0,"União de Freguesias do Centro, Porto",Very Good ,"1,510 reviews",Price 305 zł,0.6 km from center,Interior twin room,4,,
96,Monte Sinai Guest House,7.1,"União de Freguesias do Centro, Porto",Good ,"1,170 reviews",Price 134 zł,0.9 km from center,Double Room,0,,
97,Fatima's House - Cedofeita,8.9,"União de Freguesias do Centro, Porto",Excellent ,268 reviews,Price 141 zł,1 km from center,Queen Room with Shared Bathroom,0,,
98,Formosa Oporto Apartments Group,7.2,"União de Freguesias do Centro, Porto",Good ,"1,024 reviews",Price 174 zł,150 m from center,Standard Double Room with Shared Bathroom,3,,
99,Menina Colina Guesthouse,9.3,"União de Freguesias do Centro, Porto",Wonderful ,309 reviews,Price 432 zł,0.9 km from center,Comfort Double Room,4,,Location 9.3
100,Formosa Oporto Apartments Group,7.2,"União de Freguesias do Centro, Porto",Good ,"1,024 reviews",Price 174 zł,150 m from center,Standard Double Room with Shared Bathroom,3,,
101,Menina Colina Guesthouse,9.3,"União de Freguesias do Centro, Porto",Wonderful ,309 reviews,Price 432 zł,0.9 km from center,Comfort Double Room,4,,Location 9.3
102,Down2Town B&B,8.2,"União de Freguesias do Centro, Porto",Very Good ,"1,367 reviews",Original price 452 zł. Current price 364 zł.,1 km from center,Double Room with Garden View,3,Breakfast included,
103,Mercure Porto Centro Aliados,9.1,"União de Freguesias do Centro, Porto",Wonderful ,"1,948 reviews",Price 548 zł,250 m from center,Classic Twin Room,4,,Location 9.8
104,Clérigos Ville Porto Rooms,8.3,"União de Freguesias do Centro, Porto",Very Good ,437 reviews,Price 291 zł,450 m from center,Double Room,3,,Location 9.4
105,Hotel Universal,7.6,"União de Freguesias do Centro, Porto",Good ,"1,935 reviews",Price 267 zł,250 m from center,Standard Double Room with City View,2,,Location 9.6
106,Hotel America,7.4,"Bonfim, Porto",Good ,"1,018 reviews",Price 221 zł,0.8 km from center,Standard Double Room,3,,
107,Rivoli Cinema Hostel,9.0,"União de Freguesias do Centro, Porto",Wonderful ,"2,551 reviews",Price 130 zł,250 m from center,Bed in 4-Bed Female Dormitory Room,0,Breakfast included,Location 9.8
108,Three Houses & Bedrooms,8.8,"Lordelo do Ouro e Massarelos, Porto",Excellent ,859 reviews,Price 291 zł,1.4 km from center,Double or Twin Room,3,,
109,OportoHouse,7.6,"União de Freguesias do Centro, Porto",Good ,"1,856 reviews",Price 308 zł,400 m from center,Superior Double or Twin Room,3,,
110,ibis Porto Centro São Bento,7.7,"União de Freguesias do Centro, Porto",Good ,"1,691 reviews",Price 299 zł,0.6 km from center,Standard Double Room,2,,
111,Hotel do Norte,7.1,"União de Freguesias do Centro, Porto",Good ,"2,566 reviews",Price 267 zł,400 m from center,Single Room,2,,Location 9.3
112,In Porto Gallery Guesthouse,9.1,"União de Freguesias do Centro, Porto",Wonderful ,406 reviews,Price 479 zł,100 m from center,Double Room with Balcony,4,Breakfast included,Location 9.6
113,Acta The Avenue,8.8,"Bonfim, Porto",Excellent ,"3,275 reviews",Price 298 zł,1.1 km from center,Standard Double Room,4,,
114,Hotel Estoril Porto,7.8,"União de Freguesias do Centro, Porto",Good ,"1,050 reviews",Price 347 zł,0.6 km from center,Double Room with Garden View,0,,
115,Pestana Vintage Porto Hotel & World Heritage Site,8.6,"União de Freguesias do Centro, Porto",Excellent ,"1,021 reviews",Price 981 zł,1 km from center,Classic Double or Twin Room,5,Breakfast included,Location 9.7
116,AL- Almada 4,6.8,"União de Freguesias do Centro, Porto",Review score ,250 reviews,Price 122 zł,150 m from center,Triple Room with Shared Bathroom,0,,
117,Casa dragão,7.5,"Campanhã, Porto",Good ,54 reviews,Price 127 zł,3.1 km from center,Double Room with Shared Toilet,0,,
118,HOSPEDARIA LONDRES,8.9,"Campanhã, Porto",Excellent ,60 reviews,Price 216 zł,2 km from center,Double Room,0,,
119,Sheraton Porto Hotel & Spa,8.7,"Lordelo do Ouro e Massarelos, Porto",Excellent ,"1,226 reviews",Price 624 zł,2.8 km from center,"Deluxe, Guest room, 1 Queen",5,,
120,Moreira Terrace,7.6,"Bonfim, Porto",Good ,701 reviews,Price 183 zł,1 km from center,Single Room,0,,
121,Ribeiredge Guest House,7.8,"União de Freguesias do Centro, Porto",Good ,433 reviews,Price 291 zł,1 km from center,Standard Double Room,4,Breakfast included,Location 9.4
122,Vincci Porto,8.6,"Lordelo do Ouro e Massarelos, Porto",Excellent ,"4,369 reviews",Original price 581 zł. Current price 524 zł.,1.8 km from center,Double or Twin Room,4,,
123,BessaHotel Baixa,9.1,"União de Freguesias do Centro, Porto",Wonderful ,"3,016 reviews",Price 544 zł,0.6 km from center,Executive Double or Twin Room,4,,
124,BCharming House,8.6,"União de Freguesias do Centro, Porto",Excellent ,615 reviews,Price 284 zł,1.6 km from center,Double Room,0,,
125,Exmo Hotel by Olivia,9.4,"União de Freguesias do Centro, Porto",Wonderful ,583 reviews,Price 619 zł,1 km from center,Cozy City View,4,Breakfast included,Location 9.8
126,Guest House Estrela,7.1,"Bonfim, Porto",Good ,517 reviews,Price 131 zł,1.2 km from center,Double Room with Shared Bathroom,0,,
127,Métier Boutique Hotel,8.8,"Bonfim, Porto",Excellent ,972 reviews,Original price 479 zł. Current price 385 zł.,1.4 km from center,Standard Double Room,0,Breakfast included,
128,Porto Antas Hotel,8.1,"Campanhã, Porto",Very Good ,679 reviews,Price 319 zł,2.3 km from center,Standard Double or Twin Room,3,Breakfast included,
129,Mirandesa Guesthouse,7.7,"Bonfim, Porto",Good ,"1,364 reviews",Price 230 zł,1.2 km from center,Single Room with Private External Bathroom,3,Breakfast included,
130,BCharming House,8.6,"União de Freguesias do Centro, Porto",Excellent ,615 reviews,Price 314 zł,1.6 km from center,Double Room with Balcony,0,,
131,ICON Duplo Ribeira,9.3,"União de Freguesias do Centro, Porto",Wonderful ,165 reviews,Original price 849 zł. Current price 681 zł.,0.9 km from center,Standard Double or Twin Room,4,Breakfast included,Location 9.8
132,Porto A.S. 1829 Hotel,8.8,"União de Freguesias do Centro, Porto",Excellent ,"2,071 reviews",Price 518 zł,0.8 km from center,Small Double or Twin Room,4,,Location 9.7
133,In Porto Gallery Guesthouse,9.1,"União de Freguesias do Centro, Porto",Wonderful ,406 reviews,Price 479 zł,100 m from center,Double Room with Balcony,4,Breakfast included,Location 9.6
134,Seventyset Flats - Porto Historical Center,9.0,"União de Freguesias do Centro, Porto",Wonderful ,361 reviews,Price 302 zł,1.1 km from center,Studio,4,,Location 9.5
135,ibis Porto Centro São Bento,7.7,"União de Freguesias do Centro, Porto",Good ,"1,691 reviews",Price 299 zł,0.6 km from center,Standard Double Room,2,,
136,Three Houses & Bedrooms,8.8,"Lordelo do Ouro e Massarelos, Porto",Excellent ,859 reviews,Price 291 zł,1.4 km from center,Double or Twin Room,3,,
137,Hotel Portucalense,6.9,"Paranhos, Porto",Review score ,799 reviews,Price 199 zł,2.6 km from center,Standard Double Room,2,,
138,Eurostars Oporto,8.8,"Paranhos, Porto",Excellent ,"1,223 reviews",Price 333 zł,4 km from center,Double or Twin Room with Balcony + Parking,4,,
139,Porto Bonjardim Apartments,9.1,"União de Freguesias do Centro, Porto",Wonderful ,311 reviews,Price 263 zł,250 m from center,Suite,3,,Location 9.8
140,Sheraton Porto Hotel & Spa,8.7,"Lordelo do Ouro e Massarelos, Porto",Excellent ,"1,226 reviews",Price 624 zł,2.8 km from center,"Deluxe, Guest room, 1 Queen",5,,
141,Vivacity Porto - Rooms & Apartments,8.4,"União de Freguesias do Centro, Porto",Very Good ,999 reviews,Price 249 zł,400 m from center,Double Room,3,,Location 9.6
142,Portus Cale Hotel,8.3,"Lordelo do Ouro e Massarelos, Porto",Very Good ,750 reviews,Price 304 zł,2.4 km from center,Standard Double Room with Extra Bed,4,,
143,BessaHotel Baixa,9.1,"União de Freguesias do Centro, Porto",Wonderful ,"3,016 reviews",Price 544 zł,0.6 km from center,Executive Double or Twin Room,4,,
144,Formosa Oporto Apartments Group,7.2,"União de Freguesias do Centro, Porto",Good ,"1,024 reviews",Price 174 zł,150 m from center,Standard Double Room with Shared Bathroom,3,,
145,Casa dos Lóios by Shiadu,8.9,"União de Freguesias do Centro, Porto",Excellent ,"1,198 reviews",Price 627 zł,0.5 km from center,Double Room,4,Breakfast included,Location 9.8
146,MyStay Porto Centro,8.2,"União de Freguesias do Centro, Porto",Very Good ,"1,654 reviews",Price 347 zł,400 m from center,Double Room with Balcony,4,,
147,HOSPEDARIA LONDRES,8.9,"Campanhã, Porto",Excellent ,60 reviews,Price 216 zł,2 km from center,Double Room,0,,
148,Pousada do Porto - Rua das Flores,9.0,"União de Freguesias do Centro, Porto",Wonderful ,759 reviews,Price 760 zł,0.7 km from center,Standard Double or Twin Room,4,Breakfast included,Location 9.8
149,Hotel da Música,8.4,"Lordelo do Ouro e Massarelos, Porto",Very Good ,"1,007 reviews",Price 427 zł,1.7 km from center,Single Room,4,Breakfast included,
150,Porto Antas Hotel,8.1,"Campanhã, Porto",Very Good ,679 reviews,Price 319 zł,2.3 km from center,Standard Double or Twin Room,3,Breakfast included,
151,Veneza,7.9,"Bonfim, Porto",Good ,347 reviews,Price 178 zł,1.8 km from center,Double Room,3,,
152,AC Hotel Porto by Marriott,8.1,"Campanhã, Porto",Very Good ,810 reviews,Price 343 zł,2.9 km from center,"Guest room, 1 Queen",4,,
153,The Editory Artist Baixa Porto Hotel,9.1,"Bonfim, Porto",Wonderful ,176 reviews,Price 596 zł,0.8 km from center,Twin Room,5,,
154,BF Apartments,9.2,"União de Freguesias do Centro, Porto",Wonderful ,593 reviews,Price 258 zł,0.6 km from center,Suite,3,,Location 9.7
155,Invictus Hostel,8.1,"União de Freguesias do Centro, Porto",Very Good ,777 reviews,Price 99 zł,350 m from center,Bed in 8-Bed Mixed Dormitory Room,0,,Location 9.3
156,"Pestana Palácio do Freixo, Pousada & National Monument - The Leading Hotels of the World",9.0,"Campanhã, Porto",Wonderful ,"1,410 reviews",Price 958 zł,3.1 km from center,Classic room,5,Breakfast included,
157,Lolla's City House,8.7,"Lordelo do Ouro e Massarelos, Porto",Excellent ,207 reviews,Price 221 zł,1.7 km from center,Superior Double Room,0,,
158,Boavista Class Inn,8.2,"Lordelo do Ouro e Massarelos, Porto",Very Good ,607 reviews,Original price 330 zł. Current price 314 zł.,2 km from center,Double Room,3,,
159,Hostel One Ribeira,9.2,"União de Freguesias do Centro, Porto",Wonderful ,921 reviews,Price 171 zł,0.6 km from center,Bed in 6-Bed Mixed Dormitory Room,0,,Location 9.8
160,Change The World Hostels - Porto - Santa Catarina,8.6,"União de Freguesias do Centro, Porto",Excellent ,916 reviews,Price 99 zł,350 m from center,Bed in 6-Bed Dormitory Room,0,,Location 9.6
161,O'Porto Seven - Guest House,8.7,"União de Freguesias do Centro, Porto",Excellent ,406 reviews,Price 282 zł,1.7 km from center,Single Room,3,,
162,SUPERNOVA - Hostel & Café,8.4,"União de Freguesias do Centro, Porto",Very Good ,"1,485 reviews",Price 143 zł,400 m from center,Bed in 10-Bed Mixed Dormitory Room,0,,
163,Costa do Sol B&B,7.6,"Bonfim, Porto",Good ,876 reviews,Price 314 zł,1.2 km from center,Single Room,3,Breakfast included,
164,"Se Catedral Hotel Porto, Tapestry Collection By Hilton",9.2,"União de Freguesias do Centro, Porto",Wonderful ,472 reviews,Price 526 zł,0.7 km from center,Queen Guest Room,4,,Location 9.8
165,Portus Cale Hotel,8.3,"Lordelo do Ouro e Massarelos, Porto",Very Good ,750 reviews,Price 304 zł,2.4 km from center,Standard Double Room with Extra Bed,4,,
166,Lost Inn Porto Hostel,9.2,"União de Freguesias do Centro, Porto",Wonderful ,977 reviews,Price 100 zł,0.7 km from center,Bed in 10-Bed Mixed Dormitory Room,0,,Location 9.5
167,Impar Studios Deluxe,8.3,"União de Freguesias do Centro, Porto",Very Good ,365 reviews,Price 341 zł,500 m from center,Apartment with Balcony,3,,Location 9.5
168,Duas Nações Guest House,7.0,"União de Freguesias do Centro, Porto",Good ,"1,039 reviews",Original price 650 zł. Current price 330 zł.,400 m from center,Family Room with Shared Bathroom,0,,Location 9.4
169,Braganca Oporto,6.9,"União de Freguesias do Centro, Porto",Review score ,903 reviews,Price 286 zł,0.5 km from center,Single Room with Shared Bathroom,0,Breakfast included,Location 9.3
170,NH Collection Porto Batalha,8.8,"União de Freguesias do Centro, Porto",Excellent ,"1,155 reviews",Price 448 zł,0.5 km from center,Superior Double or Twin Room,4,,Location 9.4
171,Porto Coliseum Hotel,8.1,"União de Freguesias do Centro, Porto",Very Good ,"1,131 reviews",Price 455 zł,500 m from center,Standard Twin,3,Breakfast included,
172,Hotel da Música,8.4,"Lordelo do Ouro e Massarelos, Porto",Very Good ,"1,007 reviews",Price 427 zł,1.7 km from center,Single Room,4,Breakfast included,
173,Hotel S. Marino,7.7,"União de Freguesias do Centro, Porto",Good ,596 reviews,Price 260 zł,450 m from center,Double Room with City View,2,,Location 9.4
174,"Mouco Hotel - Stay, Listen & Play",9.0,"Bonfim, Porto",Wonderful ,"1,349 reviews",Price 347 zł,1.7 km from center,Standard Double Room,4,,
175,Braganca Oporto,6.9,"União de Freguesias do Centro, Porto",Review score ,903 reviews,Price 288 zł,0.5 km from center,Single Room with Shared Bathroom,0,Breakfast included,Location 9.3
176,NH Collection Porto Batalha,8.8,"União de Freguesias do Centro, Porto",Excellent ,"1,155 reviews",Price 448 zł,0.5 km from center,Superior Double or Twin Room,4,,Location 9.4
177,Porto Coliseum Hotel,8.1,"União de Freguesias do Centro, Porto",Very Good ,"1,131 reviews",Price 455 zł,500 m from center,Standard Twin,3,Breakfast included,
178,Hotel da Música,8.4,"Lordelo do Ouro e Massarelos, Porto",Very Good ,"1,007 reviews",Price 427 zł,1.7 km from center,Single Room,4,Breakfast included,
179,Hotel S. Marino,7.7,"União de Freguesias do Centro, Porto",Good ,596 reviews,Price 260 zł,450 m from center,Double Room with City View,2,,Location 9.4
180,"Mouco Hotel - Stay, Listen & Play",9.0,"Bonfim, Porto",Wonderful ,"1,349 reviews",Price 347 zł,1.7 km from center,Standard Double Room,4,,
181,Castelo Santa Catarina,9.3,"União de Freguesias do Centro, Porto",Wonderful ,"2,963 reviews",Price 455 zł,1.1 km from center,Double Room - Castle,3,Breakfast included,
182,Poveira Hotel,8.1,"Campanhã, Porto",Very Good ,959 reviews,Price 277 zł,2 km from center,Single Room,1,,
183,Predicados do Douro Palace,9.2,"Lordelo do Ouro e Massarelos, Porto",Wonderful ,863 reviews,Price 351 zł,1.2 km from center,Standard  Room,4,Breakfast included,
184,Guest House Estrela,7.1,"Bonfim, Porto",Good ,517 reviews,Price 131 zł,1.2 km from center,Double Room with Shared Bathroom,0,,
185,Oporto Loft,9.1,"Lordelo do Ouro e Massarelos, Porto",Wonderful ,230 reviews,Price 418 zł,1.1 km from center,Standard Double/Single Room,4,Breakfast included,
186,Stay Hotel Porto Centro Trindade,8.0,"União de Freguesias do Centro, Porto",Very Good ,"2,447 reviews",Price 289 zł,0.5 km from center,Twin Room,3,,
187,NH Porto Jardim,8.9,"União de Freguesias do Centro, Porto",Excellent ,804 reviews,Price 404 zł,0.8 km from center,Standard Double or Twin Room,4,,
188,Aparthotel Oporto Anselmo,8.8,"Bonfim, Porto",Excellent ,"2,888 reviews",Price 297 zł,0.9 km from center,One-Bedroom Apartment with Balcony and Street View,4,,
189,Infante Sagres – Luxury Historic Hotel,9.0,"União de Freguesias do Centro, Porto",Wonderful ,"1,052 reviews",Price 685 zł,250 m from center,Classic Double Room,5,,Location 9.5
190,Allegra 508,8.6,"Bonfim, Porto",Excellent ,614 reviews,Original price 544 zł. Current price 437 zł.,0.8 km from center,Double Room,3,,
191,Hotel da Bolsa,8.0,"União de Freguesias do Centro, Porto",Very Good ,868 reviews,Price 364 zł,0.9 km from center,Twin Room,3,,Location 9.6
192,Casual Inca Porto,8.2,"União de Freguesias do Centro, Porto",Very Good ,"2,842 reviews",Original price 458 zł. Current price 368 zł.,400 m from center,Standard Single Room,4,,
193,Porto Riad - Guest House,7.3,"Bonfim, Porto",Good ,540 reviews,Price 183 zł,0.9 km from center,Single Room with Shared Bathroom,0,,
194,Queen's Garden Hostel,9.1,"Ramalde, Porto",Wonderful ,242 reviews,Price 128 zł,3.5 km from center,Bed in 6-Bed Mixed Dormitory Room,0,,
195,MyStay Porto Centro,8.2,"União de Freguesias do Centro, Porto",Very Good ,"1,654 reviews",Price 347 zł,400 m from center,Double Room with Balcony,4,,
196,INVICTA HOUSE MARQUÊS,7.3,"Bonfim, Porto",Good ,75 reviews,Price 197 zł,1.1 km from center,Deluxe Apartment,3,,
197,Apartment by the Sea,9.9,"Aldoar - Foz do Douro - Nevogilde, Porto",Exceptional ,197 reviews,Price 455 zł,5.8 km from center,Apartment,4,,Location 9.9
198,O2 Hostel,8.2,"Bonfim, Porto",Very Good ,627 reviews,Price 70 zł,1.2 km from center,Bed in 8-Bed Dormitory Room,0,,
199,Porto Republica Hostel & Suites,8.3,"União de Freguesias do Centro, Porto",Very Good ,"1,108 reviews",Price 192 zł,500 m from center,Mixed Dormitory Room,0,,
200,Gran Cruz House,9.5,"União de Freguesias do Centro, Porto",Exceptional ,299 reviews,Price 760 zł,1 km from center,Deluxe Double or Twin Room with City View,4,Breakfast included,Location 9.8
201,Aparthotel Oporto Palace,8.5,"Bonfim, Porto",Very Good ,617 reviews,Price 305 zł,0.7 km from center,Studio Apartment,4,,
202,Invicta house Boavista,7.7,"União de Freguesias do Centro, Porto",Good ,98 reviews,Price 169 zł,1.7 km from center,Deluxe Apartment,3,,
203,Oca Republik Hotel,8.4,"União de Freguesias do Centro, Porto",Very Good ,255 reviews,Price 427 zł,500 m from center,Double or Twin Room,4,,
204,TRYP by Wyndham Porto Centro Hotel,8.1,"Bonfim, Porto",Very Good ,494 reviews,Price 284 zł,1.1 km from center,Deluxe Twin Room - Non-Smoking,3,,
205,The Rex Hotel,8.5,"União de Freguesias do Centro, Porto",Very Good ,960 reviews,Price 221 zł,0.7 km from center,Comfort Double Room (Semi Basement),2,,
206,"Nature Cosy Private House,w/AC Downtown near Metro",,"União de Freguesias do Centro, Porto",,,Price 380 zł,1.4 km from center,One-Bedroom Apartment,0,,
207,Pedra Iberica,8.5,"Bonfim, Porto",Very Good ,"1,294 reviews",Price 188 zł,0.9 km from center,Double Room,3,,
208,Apartamento luminoso na Rua de Santa Catarina,,"Bonfim, Porto",,,Price 479 zł,0.8 km from center,One-Bedroom Apartment,0,,
209,Apartamentos The Arc Carrís,9.2,"União de Freguesias do Centro, Porto",Wonderful ,"1,110 reviews",Price 408 zł,0.9 km from center,Apartment (2 Adults),4,,Location 9.8
210,AL-Pinheiro 62,6.6,"União de Freguesias do Centro, Porto",Review score ,146 reviews,Price 105 zł,300 m from center,Double Room with Shared Bathroom,0,,
211,Descobertas Boutique Hotel Porto,8.7,"União de Freguesias do Centro, Porto",Excellent ,677 reviews,Price 548 zł,1 km from center,Classic Double Room,4,Breakfast included,Location 9.7
212,ibis Porto Centro Mercado Bolhao,7.9,"União de Freguesias do Centro, Porto",Good ,"1,042 reviews",Price 314 zł,350 m from center,Standard Double Room,3,,
213,Oporto City View- Trindade luxury,9.0,"União de Freguesias do Centro, Porto",Wonderful ,271 reviews,Price 385 zł,150 m from center,Studio Apartment,4,,Location 9.6
214,Na Travessa Suítes,9.6,"União de Freguesias do Centro, Porto",Exceptional ,356 reviews,Price 469 zł,0.6 km from center,Standard Double Room,4,Breakfast included,Location 9.3
215,Canvas Atelier Hostel,8.1,"Bonfim, Porto",Very Good ,495 reviews,Original price 124 zł. Current price 107 zł.,1 km from center,Single Bed in Mixed Dormitory Room,0,,
216,MyStay Porto Bolhão - Pool & Garden,8.4,"União de Freguesias do Centro, Porto",Very Good ,827 reviews,Price 371 zł,0.5 km from center,Studio,4,,
217,Invicta House Serpa Pinto,7.9,"Paranhos, Porto",Good ,55 reviews,Price 221 zł,2 km from center,Deluxe Apartment,3,,
218,Porto Downtown Lovers Suites: Bombarda 451,9.3,"União de Freguesias do Centro, Porto",Wonderful ,993 reviews,Price 490 zł,1 km from center,Studio,4,,
219,Duerming Republik Aparthotel,9.3,"União de Freguesias do Centro, Porto",Wonderful ,3 reviews,Price 291 zł,450 m from center,Studio,3,,Location 10
220,Maria da SÉ Historic House,9.3,"União de Freguesias do Centro, Porto",Wonderful ,324 reviews,Price 487 zł,0.7 km from center,Standard Double Room,0,,Location 9.8
221,Charm Palace Porto,8.7,"Bonfim, Porto",Excellent ,398 reviews,Original price 685 zł. Current price 469 zł.,0.8 km from center,Superior Studio,4,,
222,Memoria Porto FLH Hotels,9.3,"União de Freguesias do Centro, Porto",Wonderful ,"1,633 reviews",Price 576 zł,1.1 km from center,Twin Room with Interior View,4,Breakfast included,Location 9.8
223,Casa Antiga,8.9,"União de Freguesias do Centro, Porto",Excellent ,312 reviews,Price 596 zł,0.9 km from center,Standard Double Room,4,Breakfast included,
224,Portotem Premium - The Best Rest,8.0,"União de Freguesias do Centro, Porto",Very Good ,139 reviews,Original price 619 zł. Current price 521 zł.,0.8 km from center,Duplex Studio,3,,
225,Casual Inca Porto,8.2,"União de Freguesias do Centro, Porto",Very Good ,"2,842 reviews",Price 346 zł,400 m from center,Standard Single Room,4,,
226,PortoBay Teatro,9.1,"União de Freguesias do Centro, Porto",Wonderful ,"1,466 reviews",Price 760 zł,350 m from center,Tribune Room,4,,Location 9.7
227,PortoSense Ribeira,9.1,"União de Freguesias do Centro, Porto",Wonderful ,211 reviews,Price 662 zł,1 km from center,Studio,4,,Location 9.8
228,iStudios Campanhã,5.1,"Campanhã, Porto",Review score ,844 reviews,Price 175 zł,2 km from center,Loft,0,,
229,Hotel Universal,7.6,"União de Freguesias do Centro, Porto",Good ,"1,935 reviews",Price 221 zł,250 m from center,Budget Double or Twin Room - Attic - no pet allowed,2,,Location 9.6
230,Signature Apartments Santa Catarina,9.0,"União de Freguesias do Centro, Porto",Wonderful ,711 reviews,Price 361 zł,0.7 km from center,One-Bedroom Apartment,4,,
231,AL Pitões,6.6,"Campanhã, Porto",Review score ,77 reviews,Price 263 zł,2 km from center,Double Room,3,,
232,Grande Oceano Guest House,7.3,"União de Freguesias do Centro, Porto",Good ,515 reviews,Price 174 zł,300 m from center,Economy Single Room,0,,
233,Hotel Premium Porto Downtown,8.1,"União de Freguesias do Centro, Porto",Very Good ,944 reviews,Price 364 zł,0.7 km from center,Single Room,4,,
234,ML Formosa Deluxe Rooms,7.7,"União de Freguesias do Centro, Porto",Good ,230 reviews,Price 247 zł,0.7 km from center,Economy Double Room with Shared Bathroom,3,,
235,Invictus Porto Apartment,8.5,"União de Freguesias do Centro, Porto",Very Good ,84 reviews,Price 256 zł,1.4 km from center,One-Bedroom Apartment,3,,
236,Porto Náutico & Spa,9.1,"União de Freguesias do Centro, Porto",Wonderful ,451 reviews,Price 719 zł,250 m from center,Deluxe Studio,4,,Location 9.5
237,Porto Deluxe Suites,9.3,"Lordelo do Ouro e Massarelos, Porto",Wonderful ,575 reviews,Price 361 zł,2.1 km from center,Deluxe Room,3,,
238,LETHESHOME Apartments,9.4,"União de Freguesias do Centro, Porto",Wonderful ,"1,007 reviews",Price 686 zł,350 m from center,One-Bedroom Apartment,4,,Location 9.9
239,Invicta house Boavista,7.7,"União de Freguesias do Centro, Porto",Good ,98 reviews,Price 169 zł,1.7 km from center,Deluxe Apartment,3,,
240,ML Apartments Charming Rooms,7.7,"União de Freguesias do Centro, Porto",Good ,277 reviews,Price 302 zł,500 m from center,Double Room with Private Bathroom,0,,Location 9.3
241,AC Hotel Porto by Marriott,8.1,"Campanhã, Porto",Very Good ,810 reviews,Price 343 zł,2.9 km from center,"Guest room, 1 Queen",4,,
242,Hotel S. Gabriel,7.5,"União de Freguesias do Centro, Porto",Good ,"2,163 reviews",Price 289 zł,0.6 km from center,Double Room,2,Breakfast included,
243,Allegra 508,8.6,"Bonfim, Porto",Excellent ,614 reviews,Original price 544 zł. Current price 437 zł.,0.8 km from center,Double Room,3,,
244,"Mouco Hotel - Stay, Listen & Play",9.0,"Bonfim, Porto",Wonderful ,"1,349 reviews",Price 347 zł,1.7 km from center,Standard Double Room,4,,
245,Aparthotel Oporto Anselmo,8.8,"Bonfim, Porto",Excellent ,"2,888 reviews",Price 297 zł,0.9 km from center,One-Bedroom Apartment with Balcony and Street View,4,,
246,Turista Da Trindade,8.9,"União de Freguesias do Centro, Porto",Excellent ,646 reviews,Price 361 zł,0.6 km from center,Standard Twin Room,3,,
247,Charm Palace Porto,8.7,"Bonfim, Porto",Excellent ,398 reviews,Original price 685 zł. Current price 469 zł.,0.8 km from center,Superior Studio,4,,
248,Memoria Porto FLH Hotels,9.3,"União de Freguesias do Centro, Porto",Wonderful ,"1,633 reviews",Price 576 zł,1.1 km from center,Twin Room with Interior View,4,Breakfast included,Location 9.8
249,Pestana Vintage Porto Hotel & World Heritage Site,8.6,"União de Freguesias do Centro, Porto",Excellent ,"1,021 reviews",Price 924 zł,1 km from center,Classic Double or Twin Room,5,Breakfast included,Location 9.7
250,Maison Albar Hotels Le Monumental Palace,9.5,"União de Freguesias do Centro, Porto",Exceptional ,421 reviews,"Price 1,182 zł",150 m from center,Superior Double or Twin Room,5,,Location 9.8
251,TMJ BeB,7.8,"União de Freguesias do Centro, Porto",Good ,462 reviews,Price 244 zł,350 m from center,Double Economy Room,3,,Location 9.3
252,Torel 1884 Suites & Apartments,9.3,"União de Freguesias do Centro, Porto",Wonderful ,406 reviews,"Original price 1,022 zł. Current price 819 zł.",0.7 km from center,Standard Apartment,5,,Location 9.6
253,Bonjardim 560,10,"União de Freguesias do Centro, Porto",Exceptional ,1 review,Original price 889 zł. Current price 713 zł.,250 m from center,Deluxe Duplex Garden View,5,,Location 10
254,Made in You - Oporto Guesthouse,7.7,"Paranhos, Porto",Good ,108 reviews,Price 174 zł,2 km from center,Standard Double or Twin Room,0,,
255,Signature Apartments Santa Catarina,9.0,"União de Freguesias do Centro, Porto",Wonderful ,711 reviews,Price 361 zł,0.7 km from center,One-Bedroom Apartment,4,,
256,Hotel Paulista,7.7,"União de Freguesias do Centro, Porto",Good ,"1,808 reviews",Price 197 zł,100 m from center,Single Room,2,,Location 9.6
257,Oporto Street Fonte Taurina - Riverfront Suites - Adults Only,8.6,"União de Freguesias do Centro, Porto",Excellent ,501 reviews,Original price 615 zł. Current price 433 zł.,1 km from center,Superior Suite with Street View,4,,Location 9.6
258,Koolhouse Porto,8.7,"Lordelo do Ouro e Massarelos, Porto",Excellent ,665 reviews,Price 338 zł,2.2 km from center,One-Bedroom Apartment - Top Floor,3,,
259,Eurostars Oporto,8.8,"Paranhos, Porto",Excellent ,"1,223 reviews",Price 333 zł,4 km from center,Double or Twin Room with Balcony + Parking,4,,
260,Dear Porto Guest House,8.5,"União de Freguesias do Centro, Porto",Very Good ,"1,437 reviews",Price 253 zł,0.6 km from center,Twin Room with Private External Bathroom,3,,
261,GR Suites,8.7,"Bonfim, Porto",Excellent ,471 reviews,Price 270 zł,1.3 km from center,Standard Single Room with Garden View,4,Breakfast included,
262,Douro Virtudes Apartments Historical Center,9.4,"União de Freguesias do Centro, Porto",Wonderful ,135 reviews,Price 784 zł,0.9 km from center,Apartment with Balcony,4,,Location 9.9
263,Casa Kala,9.5,"Bonfim, Porto",Exceptional ,175 reviews,Original price 845 zł. Current price 718 zł.,0.6 km from center,Superior Double Room,4,Breakfast included,Location 9.3
264,Lounge Inn Guest House,8.2,"União de Freguesias do Centro, Porto",Very Good ,659 reviews,Price 244 zł,1.4 km from center,Double Room,3,,
265,Malmerendas Boutique Lodging,9.1,"União de Freguesias do Centro, Porto",Wonderful ,332 reviews,Original price 601 zł. Current price 512 zł.,0.6 km from center,Junior Suite,4,Breakfast included,
266,Belas Artes Apartments,8.7,"União de Freguesias do Centro, Porto",Excellent ,625 reviews,Price 361 zł,0.7 km from center,One-Bedroom Apartment,4,,Location 9.4
267,Hospedaria Boavista,6.7,"União de Freguesias do Centro, Porto",Review score ,164 reviews,Price 197 zł,2.2 km from center,Double Room,3,,
268,Hospedaria Porto,4.4,"Campanhã, Porto",Review score ,85 reviews,Price 192 zł,2 km from center,Standard Double Room,0,,
269,Guest House Henrique VIII,7.1,"União de Freguesias do Centro, Porto",Good ,700 reviews,Price 221 zł,0.8 km from center,Budget Double Room,3,,
270,ML Apartments Story,8.5,"União de Freguesias do Centro, Porto",Very Good ,207 reviews,Price 267 zł,0.6 km from center,Standard Apartment,3,,Location 9.4
271,Bartolomeu Beach Apartments,9.3,"Aldoar - Foz do Douro - Nevogilde, Porto",Wonderful ,123 reviews,Original price 769 zł. Current price 655 zł.,5.6 km from center,One-Bedroom Apartment with Balcony and Sea View and Hot Tub,4,,Location 9.7
272,Aparthotel Oporto Entreparedes,7.9,"União de Freguesias do Centro, Porto",Good ,791 reviews,Price 361 zł,0.6 km from center,Superior Studio,3,,
273,Oporto Yellow Apartments,9.8,"Lordelo do Ouro e Massarelos, Porto",Exceptional ,11 reviews,Price 489 zł,1.8 km from center,One-Bedroom Apartment,0,,Location 9.5
274,Hotel Cristo Rei,6.3,"União de Freguesias do Centro, Porto",Review score ,"1,162 reviews",Price 488 zł,0.7 km from center,Quadruple Room,1,,
275,Aparthotel Oporto Alves da Veiga,8.8,"União de Freguesias do Centro, Porto",Excellent ,"1,409 reviews",Price 347 zł,0.6 km from center,Deluxe One-Bedroom Apartment with Street View,4,,
276,Oca Flores Hotel Boutique,8.6,"União de Freguesias do Centro, Porto",Excellent ,558 reviews,Price 690 zł,0.6 km from center,Standard Double Room,4,,Location 9.6
277,TMJ BeB,7.8,"União de Freguesias do Centro, Porto",Good ,462 reviews,Price 244 zł,350 m from center,Double Economy Room,3,,Location 9.3
278,Porto Automatic,7.0,"União de Freguesias do Centro, Porto",Good ,"1,259 reviews",Price 199 zł,250 m from center,Double Room with Shared Bathroom,0,,Location 9.3
279,Residencial Paranhos,7.1,"Paranhos, Porto",Good ,229 reviews,Price 211 zł,2.9 km from center,Twin Room,3,,
280,Porto River,9.3,"União de Freguesias do Centro, Porto",Wonderful ,764 reviews,Price 677 zł,1 km from center,Studio,4,,Location 9.8
281,Duerming Republik Aparthotel,9.3,"União de Freguesias do Centro, Porto",Wonderful ,3 reviews,Price 291 zł,450 m from center,Studio,3,,Location 10
282,Queen's Garden Hostel,9.1,"Ramalde, Porto",Wonderful ,242 reviews,Price 128 zł,3.5 km from center,Bed in 6-Bed Mixed Dormitory Room,0,,
283,Hostel One Ribeira,9.2,"União de Freguesias do Centro, Porto",Wonderful ,921 reviews,Price 171 zł,0.6 km from center,Bed in 6-Bed Mixed Dormitory Room,0,,Location 9.8
284,Aparthotel Oporto Entreparedes,7.9,"União de Freguesias do Centro, Porto",Good ,791 reviews,Price 361 zł,0.6 km from center,Superior Studio,3,,
285,Impar Studios,8.2,"União de Freguesias do Centro, Porto",Very Good ,584 reviews,Price 397 zł,500 m from center,Studio Apartment,4,,Location 9.7
286,GR Suites,8.7,"Bonfim, Porto",Excellent ,471 reviews,Price 270 zł,1.3 km from center,Standard Single Room with Garden View,4,Breakfast included,
287,ChatNoirPorto LaMaison,8.6,"União de Freguesias do Centro, Porto",Excellent ,625 reviews,Price 314 zł,1.6 km from center,Deluxe Room,0,,
288,Spot Apartments Ceuta,8.2,"União de Freguesias do Centro, Porto",Very Good ,497 reviews,Price 474 zł,300 m from center,One-Bedroom Apartment,4,,Location 9.3
289,ML Apartments Story,8.5,"União de Freguesias do Centro, Porto",Very Good ,207 reviews,Price 267 zł,0.6 km from center,Standard Apartment,3,,Location 9.4
290,Gabriel Guesthouse,7.7,"União de Freguesias do Centro, Porto",Good ,321 reviews,Price 207 zł,1.3 km from center,Double Room with Shared Toilet,0,,
291,Bruval Premium Apartments - Sé Porto,7.3,"União de Freguesias do Centro, Porto",Good ,231 reviews,Original price 427 zł. Current price 389 zł.,0.8 km from center,Apartment with Balcony,3,,Location 9.3
292,Hotel Portofoz,7.8,"Aldoar - Foz do Douro - Nevogilde, Porto",Good ,633 reviews,Price 385 zł,5.6 km from center,Suite with Land View,2,Breakfast included,
293,Oporto Living Apartments,8.7,"Campanhã, Porto",Excellent ,218 reviews,Price 399 zł,2.1 km from center,Deluxe Apartment,3,,
294,Daisy’s House - Stylish and central loft,8.3,"União de Freguesias do Centro, Porto",Very Good ,27 reviews,Price 385 zł,0.6 km from center,One-Bedroom Apartment,4,,Location 9.5
295,Maison Albar Hotels Le Monumental Palace,9.5,"União de Freguesias do Centro, Porto",Exceptional ,421 reviews,"Price 1,182 zł",150 m from center,Superior Double or Twin Room,5,,Location 9.8
296,Be Oporto Apartments Clérigos,8.7,"União de Freguesias do Centro, Porto",Excellent ,502 reviews,Price 338 zł,400 m from center,Studio Apartment,4,,Location 9.6
297,Casa 45,8.9,"União de Freguesias do Centro, Porto",Excellent ,434 reviews,Price 455 zł,300 m from center,Standard Twin Room - Second Floor,3,Breakfast included,Location 9.5
298,Hotel Porto Rico,7.2,"União de Freguesias do Centro, Porto",Good ,"1,329 reviews",Price 178 zł,150 m from center,Single Room,2,,
299,Casa Kala,9.5,"Bonfim, Porto",Exceptional ,175 reviews,Original price 845 zł. Current price 718 zł.,0.6 km from center,Superior Double Room,4,Breakfast included,Location 9.3
300,Duque de Loulé,8.7,"União de Freguesias do Centro, Porto",Excellent ,564 reviews,Price 422 zł,0.7 km from center,Studio Apartment,4,,Location 9.3
301,PortoSense Ribeira,9.1,"União de Freguesias do Centro, Porto",Wonderful ,211 reviews,Price 662 zł,1 km from center,Studio,4,,Location 9.8
302,Arco Apartments,9.6,"União de Freguesias do Centro, Porto",Exceptional ,219 reviews,Price 526 zł,0.9 km from center,Studio Apartment,4,,Location 9.8
303,Porto Republica Riverside,7.0,"Lordelo do Ouro e Massarelos, Porto",Good ,314 reviews,Price 333 zł,1.8 km from center,Double Room,3,,
304,Porto River,9.3,"União de Freguesias do Centro, Porto",Wonderful ,764 reviews,Price 677 zł,1 km from center,Studio,4,,Location 9.8
305,Porto Náutico & Spa,9.1,"União de Freguesias do Centro, Porto",Wonderful ,451 reviews,Price 719 zł,250 m from center,Deluxe Studio,4,,Location 9.5
306,Impar Studios,8.2,"União de Freguesias do Centro, Porto",Very Good ,584 reviews,Price 397 zł,500 m from center,Apartment,4,,Location 9.7
307,Aparthotel Oporto Batalha,8.8,"União de Freguesias do Centro, Porto",Excellent ,"1,368 reviews",Price 368 zł,0.6 km from center,Studio with Terrace,4,,Location 9.4
308,Vibrant Porto Apartments - Heroismo's Metro,8.8,"Bonfim, Porto",Excellent ,228 reviews,Original price 605 zł. Current price 495 zł.,1.6 km from center,Duplex Apartment,4,,
309,Oporto Chic&Cozy - Batalha II,9.0,"União de Freguesias do Centro, Porto",Wonderful ,395 reviews,Price 380 zł,0.7 km from center,Apartment with Garden View,4,,Location 9.6
310,RS Porto Historic Center,9.1,"União de Freguesias do Centro, Porto",Wonderful ,374 reviews,Price 495 zł,0.6 km from center,Studio Apartment with Balcony,4,,Location 9.8
311,Areosa,6.2,Porto,Review score ,414 reviews,Price 169 zł,4.1 km from center,Economy Twin Room,1,,
312,ML Apartments Charming Rooms,7.7,"União de Freguesias do Centro, Porto",Good ,277 reviews,Price 302 zł,500 m from center,Double Room with Private Bathroom,0,,Location 9.3
313,Miragaia House,9.3,"União de Freguesias do Centro, Porto",Wonderful ,252 reviews,Price 516 zł,1.1 km from center,Deluxe Double Room with Bath,4,,Location 9.3
314,Lunar Guest House,7.5,"União de Freguesias do Centro, Porto",Good ,903 reviews,Price 267 zł,0.7 km from center,Double Room,0,,
315,Rosa Et Al Townhouse,8.9,"União de Freguesias do Centro, Porto",Excellent ,143 reviews,Price 724 zł,0.9 km from center,Superior Suite,4,,
316,Majestic Hostel Porto,6.8,"União de Freguesias do Centro, Porto",Review score ,"1,096 reviews",Price 74 zł,450 m from center,Bunk Bed in Mixed Dormitory Room,0,,
317,Go2oporto - Ribeira do Porto,8.7,"União de Freguesias do Centro, Porto",Excellent ,268 reviews,Original price 826 zł. Current price 565 zł.,1.1 km from center,River Front Superior One-Bedroom Apartment,4,,Location 9.9
318,Lira Guest House B&B,7.8,"Paranhos, Porto",Good ,376 reviews,Price 204 zł,1.8 km from center,Single Room,3,Breakfast included,
319,Pimms Home Ribeira,7.9,"União de Freguesias do Centro, Porto",Good ,735 reviews,Price 385 zł,1.1 km from center,Standard Double Room,3,,Location 9.5
320,Spot Apartments Trindade,8.9,"União de Freguesias do Centro, Porto",Excellent ,"1,267 reviews",Price 664 zł,300 m from center,Two-Bedroom Apartment,4,,Location 9.4
321,Torel Palace Porto,9.2,"União de Freguesias do Centro, Porto",Wonderful ,679 reviews,"Price 1,258 zł",0.6 km from center,Classic Double or Twin Room,5,Breakfast included,Location 9.3
322,GuestHouse Belo Horizonte,7.5,"União de Freguesias do Centro, Porto",Good ,811 reviews,Price 267 zł,0.6 km from center,Double Room,3,,
323,Residencial Paranhos,7.1,"Paranhos, Porto",Good ,229 reviews,Price 211 zł,2.9 km from center,Twin Room,3,,
324,Residencia Vale Formoso,7.8,"Paranhos, Porto",Good ,492 reviews,Price 157 zł,1.8 km from center,Single Room,3,,
